<keymap version="1" name="custom_keymap" parent="Eclipse">
  <action id="ActivateApplicationServersToolWindow">
    <keyboard-shortcut first-keystroke="alt 4" />
  </action>
  <action id="ActivateDatabaseToolWindow">
    <keyboard-shortcut first-keystroke="alt 2" />
  </action>
  <action id="ActivateFavoritesToolWindow" />
  <action id="ActivateRunToolWindow" />
  <action id="CallHierarchy">
    <keyboard-shortcut first-keystroke="ctrl alt h" />
    <keyboard-shortcut first-keystroke="ctrl numpad3" />
  </action>
  <action id="CompileDirty">
    <keyboard-shortcut first-keystroke="ctrl b" />
  </action>
  <action id="EditorDecreaseFontSize">
    <keyboard-shortcut first-keystroke="ctrl numpad7" />
  </action>
  <action id="EditorDuplicateLines">
    <keyboard-shortcut first-keystroke="ctrl alt down" />
    <keyboard-shortcut first-keystroke="shift ctrl z" />
  </action>
  <action id="EditorIncreaseFontSize">
    <keyboard-shortcut first-keystroke="ctrl numpad8" />
  </action>
  <action id="GotoDeclaration">
    <keyboard-shortcut first-keystroke="f3" />
    <mouse-shortcut keystroke="control button1" />
    <keyboard-shortcut first-keystroke="ctrl numpad2" />
  </action>
  <action id="GotoImplementation">
    <keyboard-shortcut first-keystroke="ctrl t" />
    <keyboard-shortcut first-keystroke="ctrl alt b" />
    <keyboard-shortcut first-keystroke="ctrl numpad1" />
  </action>
  <action id="MembersPullUp">
    <keyboard-shortcut first-keystroke="shift alt u" />
  </action>
  <action id="Resume">
    <keyboard-shortcut first-keystroke="f8" />
  </action>
  <action id="Scala.ShowImplicits">
    <keyboard-shortcut first-keystroke="shift ctrl alt equals" />
    <keyboard-shortcut first-keystroke="shift ctrl alt add" />
  </action>
  <action id="Vcs.ShowTabbedFileHistory">
    <keyboard-shortcut first-keystroke="ctrl numpad4" />
  </action>
  <action id="XDebugger.MuteBreakpoints">
    <keyboard-shortcut first-keystroke="f9" />
  </action>
</keymap>